id,arcana,suit,number,name_ja,name_en,element,polarity,yes_no_upright,yes_no_reversed,timing,themes,keywords_upright,keywords_reversed,core_upright,core_past,core_present,core_future,interpretation_upright,angel_upright,action_upright,core_reversed,interpretation_reversed,angel_reversed,action_reversed,image
major_0,major,,0,愚者,The Fool,風,陽,Yes寄り,No寄り,早い,始まり|挑戦|自由,始まり|自由|信頼|冒険|直感|純粋|未知|可能性|解放|流れ,無計画|軽率|迷い|不安|停滞|恐れ|判断不足|逃避|不安定|慎重,"今は、新しい風があなたの前に吹き始めています。結果や完成を気にするよりも、まず「始めること」そのものに意味がある時です。怖さを感じても大丈夫。あなたは見えないところで守られ、流れに導かれています。","これまで、常識や枠にとらわれず、自分の感覚を信じて選択してきた流れがありました。","今は、先の保証がなくても一歩を選べる地点に立ち、可能性が大きく開かれています。","軽やかな選択を重ねることで、新しい展開が自然と動き出していくでしょう。","今は結果よりも、始めることに意味があります。","怖くても大丈夫。あなたは守られています。","小さな初めてを選びましょう。","立ち止まることも選択です。","慎重さが必要な時期です。","焦らなくて大丈夫です。","一晩置いて考えましょう。","major/00_Fool"
major_1,major,,1,魔術師,The Magician,風,陽,Yes,No,早い,創造|意志|始動,意志|創造|集中|表現|才能|行動|実行|始まり|言葉|力,迷い|空回り|未熟|自信不足|分散|誤用|焦り|過信|操作|不誠実,"今は、あなたの意志と才能が現実に働きかけ始める時です。頭の中にある考えや想いを、行動や言葉として外に出すことが焦点になります。完璧でなくて大丈夫。小さく使い始めることで、力は自然と整っていきます。","これまで、可能性やアイデアを内側で温め続けてきた流れがありました。","今は、意志を定め、一点に集中して動き始める地点にいます。","行動を重ねることで、自分の力を実感しながら流れを創っていくでしょう。","今は、自分の力を信じて使い始める時です。","あなたには、必要な道具と才能がすでに揃っています。","できることから一つ、形にしましょう。","自信を失い、力をうまく使えない状態です。","方向性が定まらず、力が分散しやすい時期です。","焦らなくて大丈夫です。","意図を整理してから動きましょう。","major/01_Magician"
major_2,major,,2,女教皇,The High Priestess,水,陰,保留,No,ゆっくり,内省|直感|静けさ,直感|沈黙|洞察|内面|神秘|受容|気づき|真実|感覚,混乱|疑念|閉鎖|不安|無視|鈍感|思い込み|遮断|逃避|不信,"今は、外に答えを求めるよりも、内側の感覚に耳を澄ませる時です。静けさの中に、本当の気持ちや真実が浮かび上がってきます。焦らず、答えが自然に現れるのを待ってみてください。","これまで、心の奥で感じていながら言葉にできない想いを抱えてきた背景があります。","今は、表に出す前に、内側で理解を深める必要がある地点にいます。","内なる声を信頼することで、迷いは次第に晴れていくでしょう。","今は、答えを急がず内側を見ることが大切です。","静けさの中に、真実はすでにあります。","心の声を書き留めてみましょう。","感覚を疑い、自分の内面から目を逸らしがちな状態です。","不安や雑念により、本質が見えにくくなっています。","無理に答えを出さなくて大丈夫です。","静かな時間を取り戻しましょう。","major/02_High_Priestess"
major_3,major,,3,女帝,The Empress,地,陰,Yes,Yes,ゆっくり,豊かさ|育む|愛,愛|受容|豊穣|創造|母性|安心|美|循環|成長,依存|怠惰|過保護|停滞|浪費|甘え|不安定|不足感|鈍化|偏り,"今は、与えることと受け取ることの循環が自然に起こる時です。あなたの中にある優しさや創造性が、周囲を温かく育てていきます。安心できる環境を整えることで、豊かさはさらに広がっていくでしょう。","これまで、誰かを支えたり、育てる役割を大切にしてきた流れがありました。","今は、自分自身にも愛とゆとりを注ぐ必要がある地点にいます。","満たされた状態から、新しい実りが自然と生まれていくでしょう。","今は、受け取ることを自分に許して大丈夫です。","あなたの存在そのものが、豊かさを生み出しています。","心地よい選択を一つ増やしましょう。","与えすぎて疲れ、バランスを崩しやすい状態です。","甘えと依存が境界を曖昧にしています。","自分を満たすことを優先して。","無理な世話焼きは手放しましょう。","major/03_Empress"
major_4,major,,4,皇帝,The Emperor,火,陽,Yes,No,ゆっくり,安定|秩序|責任,統率|構築|責任|基盤|安定|実行|現実|守る|決断,硬直|支配|頑固|恐れ|圧迫|独善|不安定|拒絶|混乱|防衛,"今は、現実的な基盤を整え、安定を築くことが求められる時です。感情だけでなく、責任や秩序を意識することが焦点になります。自分の立場を引き受けることで、周囲にも安心が広がっていくでしょう。","これまで、守るべき役割や責任を背負ってきた背景があります。","今は、揺らがない軸を定め、現実を整える地点にいます。","安定した基盤の上で、物事が着実に進展していくでしょう。","今は、現実的な判断を優先する時です。","あなたの決断が、安心を生み出します。","土台を整える行動を選びましょう。","柔軟さを失い、力で押し通そうとする状態です。","不安から支配的になりやすい傾向があります。","一人で背負わなくて大丈夫です。","信頼して任せる勇気を持ちましょう。","major/04_Emperor"
major_5,major,,5,教皇,The Hierophant,地,陽,Yes,保留,ゆっくり,学び|価値観|伝統,教え|信念|指針|理解|精神性|秩序|共有|知恵|導き,形式|盲信|硬直|依存|保守|疑念|拒絶|混乱|反発|閉塞,"今は、これまで受け取ってきた教えや価値観を見直し、自分の中に根づかせる時です。誰かの言葉や伝統の中に、今のあなたに必要な指針が隠れています。理解したことを、自分の言葉として受け取ってみてください。","これまで、誰かから学び、導きを受ける流れが続いていました。","今は、自分なりの信念として整理し直す地点にいます。","確かな価値観が、これからの選択を支えていくでしょう。","今は、学びを信頼して受け取る時です。","必要な導きは、すでに与えられています。","学んだことを実生活に活かしましょう。","外の価値観に縛られ、自分の感覚を見失いがちな状態です。","信じるべき指針が揺らいでいます。","疑問を持っても大丈夫です。","自分の言葉で確かめ直しましょう。","major/05_Hierophant"
major_6,major,,6,恋人,The Lovers,風,陽,Yes,No,早い,選択|結び|愛,選択|結合|調和|関係性|愛|共鳴|決断|価値観|一致,迷い|葛藤|不一致|依存|誘惑|優柔不断|分裂|誤選択|逃避|混乱,"今は、心から大切にしたいものを選び取る時です。頭ではなく、価値観や本心に沿った選択が、あなたを調和へと導きます。覚悟を持って選ぶことで、関係性はより深く結ばれていくでしょう。","これまで、いくつかの選択肢の間で揺れ動く流れがありました。","今は、自分の本心に正直な決断を求められる地点にいます。","誠実な選択が、人との絆や道筋を明確にしていくでしょう。","今は、心に正直な選択が大切です。","あなたの選択は、愛と調和につながっています。","自分の気持ちをはっきり伝えましょう。","決断を避け、関係性が曖昧になりやすい状態です。","依存や迷いが判断を鈍らせています。","急いで決めなくて大丈夫です。","本音と向き合いましょう。","major/06_Lovers"
major_7,major,,7,戦車,The Chariot,水,陽,Yes,No,早い,前進|意志|突破,前進|意志|勝利|集中|行動|突破|制御|決断|推進力,暴走|空回り|衝突|焦り|分裂|迷走|強引|疲弊|混乱|失速,"今は、意志を定めて前に進む力が高まる時です。感情や状況をうまく制御しながら、自分の進む方向を明確にすることが焦点になります。迷いを手放し、決めた道を信じて進んでいきましょう。","これまで、進みたい気持ちと不安の間で揺れる流れがありました。","今は、意志を一点に集中させ、行動へと移す地点にいます。","覚悟を持って進むことで、停滞は突破されていくでしょう。","今は、前進する意志を示す時です。","あなたには、乗り越える力があります。","決めたことをやり切りましょう。","勢いに任せて無理をしやすい状態です。","方向性が定まらず、空回りしています。","一度立ち止まって大丈夫です。","進む理由を確認しましょう。","major/07_Chariot"
major_8,major,,8,力,Strength,火,陰,Yes,保留,ゆっくり,内なる力|受容|勇気,内なる力|優しさ|忍耐|調和|受容|勇気|信頼|統合|穏やか,抑圧|無力感|自己否定|恐れ|感情過多|消耗|不安定|苛立ち|過剰制御|疲労,"今は、力で押し切るよりも、優しさと忍耐が本当の力になる時です。感情や本能を否定せず、穏やかに受け入れることが焦点になります。自分を信じ、丁寧に向き合うことで、状況は自然と調和していくでしょう。","これまで、強くあろうとして無理を重ねてきた背景があります。","今は、内側の力を信頼し、感情と調和する地点にいます。","穏やかな姿勢を保つことで、困難は次第に和らいでいくでしょう。","今は、優しさを力として使う時です。","あなたの内側には、十分な強さがあります。","自分に思いやりを向けましょう。","感情を抑え込み、苦しさを溜め込みやすい状態です。","自信を失い、本来の力を感じにくくなっています。","無理に強くならなくて大丈夫です。","心を緩める時間を持ちましょう。","major/08_Strength"
major_9,major,,9,隠者,The Hermit,地,陰,保留,No,ゆっくり,探求|内省|導き,内省|探求|知恵|静寂|成熟|洞察|真理|導き|理解,孤立|停滞|閉塞|迷い|拒絶|悲観|引きこもり|分断|恐れ|疑念,"今は、外の刺激から少し距離を置き、自分自身と向き合う時です。静かな時間の中で、本当に大切な答えが見えてきます。焦らず、自分の歩幅を取り戻してください。","これまで、答えを外に求めて動き続けてきた流れがありました。","今は、内側の声を確かめるために立ち止まる地点にいます。","内なる知恵に従うことで、次の道筋が静かに照らされるでしょう。","今は、一人の時間を大切にする時です。","あなたの内側には、確かな光があります。","静かな時間を確保しましょう。","孤立感が強まり、閉じこもりやすい状態です。","考えすぎて前に進めなくなっています。","無理に答えを出さなくて大丈夫です。","信頼できる人と話してみましょう。","major/09_Hermit"
major_10,major,,10,運命の輪,Wheel of Fortune,火,陽,Yes,保留,変化,転機|循環|流れ,転機|循環|運命|変化|流れ|チャンス|展開|節目|必然,停滞|不運|混乱|抵抗|不安|停留|拒絶|恐れ|翻弄|流される,"今は、大きな流れが動き出し、状況が転換していく時です。自分の力だけでどうにかしようとせず、巡ってくる変化を受け入れることが焦点になります。流れに身を任せることで、新しい展開が自然と訪れるでしょう。","これまで、同じパターンや流れを繰り返してきた背景があります。","今は、運命の転換点に立ち、変化を受け取る地点にいます。","巡り合わせによって、思いがけない展開が開かれていくでしょう。","今は、変化を受け入れる時です。","必要な流れは、すでに動き始めています。","流れに逆らわず進みましょう。","変化を恐れ、流れに抵抗しやすい状態です。","状況に振り回され、落ち着きを失っています。","すぐに結論を出さなくて大丈夫です。","一時の波と捉えましょう。","major/10_Wheel_of_Fortune"
major_11,major,,11,正義,Justice,風,陰,Yes,No,ゆっくり,公平|真実|選択,公平|真実|判断|責任|バランス|誠実|因果|選択|明確,偏り|不正|自己正当化|迷い|曖昧|逃避|歪み|責任回避|不均衡|混乱,"今は、感情に流されず、事実と向き合うことが求められる時です。何が本当で、何を選ぶべきかを冷静に見極めることが焦点になります。誠実な判断を重ねることで、状況は公正に整っていくでしょう。","これまで、選択の結果や責任と向き合う場面が続いていました。","今は、真実を受け止め、判断を下す地点にいます。","正直な選択が、長期的なバランスをもたらすでしょう。","今は、事実を直視する時です。","誠実さは、必ずあなたを守ります。","公平な視点で考えましょう。","感情や偏見により、判断が揺らぎやすい状態です。","責任から目を逸らしがちになっています。","すぐに決めなくて大丈夫です。","情報を整理し直しましょう。","major/11_Justice"
major_12,major,,12,吊るされた男,The Hanged Man,水,陰,保留,No,ゆっくり,手放し|受容|転換,受容|手放し|視点転換|忍耐|犠牲|内省|理解|静止|再評価,停滞|我慢|犠牲過多|諦め|被害者意識|消耗|拒絶|閉塞|無力感|疲労,"今は、無理に進めるよりも、一度立ち止まり視点を変える時です。手放すことで見えてくる真実があり、そこに新しい理解が生まれます。今は動かず、内側の変化を受け入れてみてください。","これまで、前に進もうとして努力を重ねてきた背景があります。","今は、状況を違う角度から見直すための静止点にいます。","理解が深まることで、自然と次の動きが見えてくるでしょう。","今は、手放しを受け入れる時です。","止まることも、大切な選択です。","視点を変えてみましょう。","無理な我慢や犠牲が続き、疲弊しやすい状態です。","状況を悲観的に捉えすぎています。","今は耐えなくて大丈夫です。","休息を優先しましょう。","major/12_Hanged_Man"
major_13,major,,13,死神,Death,水,陰,No,Yes,変化,終焉|再生|転換,終焉|手放し|再生|変容|区切り|浄化|移行|刷新|必然,抵抗|執着|恐れ|拒絶|停滞|未練|否定|回避|不安|混乱,"今は、終わりを受け入れ、新しい段階へ移行する時です。必要のないものを手放すことで、再生のスペースが生まれます。怖れずに区切りをつけることで、次の流れが静かに始まるでしょう。","これまで、役目を終えた関係や状況を抱え続けてきた背景があります。","今は、明確な区切りをつけるための転換点にいます。","手放しの先に、新しい始まりが自然と訪れるでしょう。","今は、終わりを受け入れる時です。","終わりは、再生の入口です。","不要なものを整理しましょう。","変化を恐れ、執着が強まりやすい状態です。","終わりを避けることで停滞しています。","焦らなくて大丈夫です。","少しずつ手放しましょう。","major/13_Death"
major_14,major,,14,節制,Temperance,火,陰,Yes,保留,ゆっくり,調和|統合|癒し,調和|統合|バランス|循環|癒し|中庸|適応|柔軟|融合,偏り|過剰|不調和|無理|停滞|分断|焦り|不安定|極端|乱れ,"今は、極端に振れることなく、心と状況を穏やかに整える時です。異なる要素を少しずつ混ぜ合わせることで、無理のない調和が生まれます。急がず、今の自分に合ったバランスを探してみてください。","これまで、どちらかに偏りやすい選択を重ねてきた背景があります。","今は、調整と癒しを通して全体を整える地点にいます。","穏やかな統合が進み、心身ともに安定した流れが育っていくでしょう。","今は、バランスを取り戻す時です。","調和は、静かな癒しをもたらします。","無理のない配分を意識しましょう。","やりすぎや不足により、調和を失いやすい状態です。","極端な考えに傾いています。","焦らなくて大丈夫です。","中庸を意識しましょう。","major/14_Temperance"
major_15,major,,15,悪魔,The Devil,地,陰,No,Yes,停滞,束縛|執着|影,執着|束縛|欲望|依存|影|恐れ|固定観念|誘惑|支配,解放|自覚|手放し|自立|気づき|距離|回復|再選択|自由|浄化,"今は、無意識の恐れや執着が行動を縛りやすい時です。何に縛られているのかを自覚することが、解放への第一歩になります。選び直す力は、すでにあなたの手の中にあります。","これまで、不安や欲求に引きずられる関係や状況が続いていました。","今は、依存や固定観念に気づき、距離を取る地点にいます。","自覚と手放しによって、自由な選択肢が少しずつ戻ってくるでしょう。","今は、執着に気づく時です。","気づきは、解放の扉です。","一つ距離を取ってみましょう。","欲望や恐れに振り回されやすい状態です。","依存的な関係が強まっています。","責めなくて大丈夫です。","冷静に状況を見直しましょう。","major/15_Devil"
major_16,major,,16,塔,The Tower,火,陽,No,Yes,急展開,崩壊|解放|衝撃,崩壊|真実|解放|衝撃|目覚め|刷新|転換|覚醒|変革,拒絶|混乱|恐怖|抵抗|防衛|動揺|不安定|回避|破壊|混迷,"今は、これまで築いてきた前提が揺さぶられ、真実が露わになる時です。突然の変化は衝撃的ですが、偽りを壊すことで本来の道が現れます。崩れた後に残るものこそ、あなたに必要な土台です。","これまで、不安定な基盤の上に物事を積み重ねてきた背景があります。","今は、古い構造が崩れ、真実と向き合う転換点にいます。","不要なものが一掃され、新しい基盤が再構築されていくでしょう。","今は、変化を受け止める時です。","真実は、あなたを自由にします。","壊れたものを確認しましょう。","変化を恐れ、現実を否定しやすい状態です。","混乱により視野が狭まっています。","今は落ち着いて大丈夫です。","安全を確保しましょう。","major/16_Tower"
major_17,major,,17,星,The Star,風,陰,Yes,保留,ゆっくり,希望|癒し|回復,希望|癒し|回復|信頼|再生|光|導き|安心|静寂,失望|不安|疑念|悲観|枯渇|無力感|閉塞|諦め|疲弊|影,"今は、傷ついた心が少しずつ癒され、希望の光を取り戻す時です。無理に前向きにならなくて大丈夫。静かな信頼を取り戻すことが焦点になります。小さな安心を積み重ねることで、未来への道はやさしく照らされていくでしょう。","これまで、困難や喪失を経て心が疲れてきた背景があります。","今は、回復と癒しを受け取り、信頼を取り戻す地点にいます。","穏やかな希望が育ち、前に進む力が静かに戻ってくるでしょう。","今は、希望を取り戻す時です。","光は、あなたの内側にあります。","安心できる時間を大切にしましょう。","希望を信じきれず、不安に引き戻されやすい状態です。","回復を急ぎすぎています。","焦らなくて大丈夫です。","ゆっくり整えましょう。","major/17_Star"
major_18,major,,18,月,The Moon,水,陰,保留,No,ゆっくり,不安|無意識|揺らぎ,不安|無意識|揺らぎ|幻想|感情|直感|影|曖昧|感受性,混乱|恐怖|誤解|不信|迷走|錯覚|不安定|依存|逃避|閉塞,"今は、先がはっきり見えず、不安や揺らぎが強まりやすい時です。見えているものがすべて真実とは限らず、無意識の影響が表に出ています。焦らず、感情を否定せずに通り過ぎるのを待ってみてください。","これまで、曖昧な状況や感情に揺さぶられる流れが続いていました。","今は、不安の正体を静かに見つめる地点にいます。","感情の波を越えることで、次第に輪郭がはっきりしてくるでしょう。","今は、不安を否定しない時です。","夜は、必ず明けます。","感情を書き出してみましょう。","恐れに飲み込まれ、現実を見失いやすい状態です。","疑心暗鬼が強まっています。","一人で抱えなくて大丈夫です。","信頼できる人に話しましょう。","major/18_Moon"
major_19,major,,19,太陽,The Sun,火,陽,Yes,Yes,早い,喜び|成功|明晰,喜び|成功|明晰|祝福|活力|肯定|達成|光|成長,過信|未熟|軽率|空回り|傲慢|消耗|無邪気すぎ|配慮不足|疲労|停滞,"今は、状況が明るく照らされ、喜びと達成感を感じやすい時です。隠れていたことが明確になり、前向きなエネルギーが自然と広がります。素直な喜びを受け取り、分かち合うことで、流れはさらに明るくなるでしょう。","これまで、努力や試行錯誤を重ねてきた背景があります。","今は、成果を実感し、安心して前に進める地点にいます。","喜びと成功が広がり、周囲にも良い影響を与えていくでしょう。","今は、喜びを受け取る時です。","あなたは、正しい道を歩んでいます。","素直に喜びましょう。","勢いに任せて無理をしやすい状態です。","疲れに気づきにくくなっています。","休んでも大丈夫です。","ペースを整えましょう。","major/19_Sun"
major_20,major,,20,審判,Judgement,火,陽,Yes,保留,転機,目覚め|再生|呼びかけ,目覚め|再生|覚醒|呼びかけ|決断|解放|許し|復活|真実,後悔|拒絶|停滞|恐れ|自己否定|回避|無視|迷い|混乱|躊躇,"今は、過去の流れを振り返り、本当の声に応える時です。心の奥からの呼びかけに気づくことで、停滞していた状況は再び動き出します。自分を責める必要はありません。気づいた今が、新しい再生の始まりです。","これまで、未完了の想いや過去の選択が心に残っていました。","今は、過去を受け入れ、次の段階へ進むための目覚めの地点にいます。","決断と許しによって、新しい人生の流れが力強く始まるでしょう。","今は、本当の声に応える時です。","あなたは、呼び戻されています。","過去を整理しましょう。","過去に縛られ、前に進めなくなっている状態です。","自分を厳しく裁きすぎています。","責めなくて大丈夫です。","今の自分を許しましょう。","major/20_Judgement"
major_21,major,,21,世界,The World,地,陰,Yes,Yes,完成,完成|統合|達成,完成|統合|達成|循環|調和|成熟|充足|結実|全体,未完|停滞|空虚|不満|区切り不足|循環不全|疲労|惰性|不完全|迷い,"今は、一つのサイクルが完成し、努力が実を結ぶ時です。経験してきたすべてが統合され、あなたは本来の場所に立っています。達成を受け取り、自分自身を祝福してください。ここから、また新しい循環が始まります。","これまで、多くの経験を重ね、学びを積み上げてきました。","今は、完成と統合を迎え、安心して区切りをつけられる地点にいます。","満たされた状態から、次のサイクルが自然と始まっていくでしょう。","今は、達成を受け取る時です。","あなたは、ここまで辿り着きました。","自分を讃えましょう。","満足できず、終わりを実感しにくい状態です。","区切りを付けることを避けています。","急がなくて大丈夫です。","一度、立ち止まりましょう。","major/21_World"
wand_1,minor,wands,1,ワンドのエース,Ace of Wands,火,陽,Yes,保留,早い,始動|情熱|衝動,始まり|情熱|直感|ひらめき|衝動|創造|火花|可能性|意欲,空回り|迷い|消沈|停滞|躊躇|不発|自信不足|疲労|不完全|不安,"今は、内側から情熱の火が灯り、新しい衝動が生まれる時です。理由よりも「やってみたい」という感覚が、動き出すきっかけになります。完璧を待たず、火が消えないうちに小さく始めてみてください。","これまで、心の奥で温めてきた想いや衝動がありました。","今は、情熱が芽生え、始動のきっかけを掴む地点にいます。","行動を起こすことで、可能性は勢いよく広がっていくでしょう。","今は、始めることを恐れないでください。","その火は、意味を持って灯っています。","小さく着火しましょう。","意欲が湧かず、情熱を感じにくい状態です。","自信のなさが行動を止めています。","焦らなくて大丈夫です。","休息で火を守りましょう.","wands/Wands_01_Ace"
wand_2,minor,wands,2,ワンドの2,Two of Wands,火,陽,Yes,No,ゆっくり,計画|展望|選択,展望|計画|意志|選択|可能性|方向性|準備|視野|決断,迷い|優柔不断|停滞|恐れ|視野狭窄|先延ばし|不安|固執|躊躇|保留,"今は、芽生えた情熱をどの方向へ伸ばすかを考える時です。可能性は複数あり、どれを選ぶかによって未来の形が変わります。恐れよりも、心が広がる選択肢に目を向けてみてください。","これまで、始まりの衝動を内側で育ててきました。","今は、方向性を定めるために視野を広げる地点にいます。","選択を明確にすることで、行動は一気に現実味を帯びていくでしょう。","今は、展望を描く時です。","あなたには、選ぶ力があります。","可能性を書き出しましょう。","迷いが強く、決断を先延ばしにしやすい状態です。","恐れが視野を狭めています。","急がなくて大丈夫です。","情報を整理しましょう.","wands/Wands_02_Two"
wand_3,minor,wands,3,ワンドの3,Three of Wands,火,陽,Yes,Yes,進展,展開|成長|見通し,展開|成長|拡大|見通し|進展|外界|可能性|発展|期待,停滞|不安|焦り|視野不足|遅延|落胆|疑念|準備不足|迷走|待機,"今は、選択した方向に向かって物事が動き始め、展開が見え始める時です。自分の外の世界とのつながりが、成長を後押しします。焦らず、流れを信じて待つ姿勢も大切です。","これまで、方向性を定め、準備を進めてきました。","今は、動き始めた流れを見渡し、成長を待つ地点にいます。","関わりが広がり、計画は現実的な形へと発展していくでしょう。","今は、流れを信頼する時です。","展開は、すでに始まっています。","視野を広げましょう。","期待が先行し、焦りや不安が出やすい状態です. ","思うように進まず落胆しています。","待つことも大切です。","足元を整えましょう.","wands/Wands_03_Three"
wand_4,minor,wands,4,ワンドの4,Four of Wands,火,陽,Yes,Yes,安定,安定|祝福|基盤,安定|基盤|祝福|安心|達成|居場所|調和|休息|共有,停滞|不満|不安定|形骸化|緊張|閉塞|孤立|疲労|義務感|違和感,"今は、一つの区切りを迎え、安心できる基盤が整う時です。努力してきたことが形となり、祝福や喜びを分かち合える場面が訪れます。ここでしっかりと安定を感じてください。","これまで、情熱を注ぎながら基盤を築いてきました。","今は、安心できる場所に立ち、成果を実感する地点にいます。","安定した基盤の上で、次の展開が穏やかに始まるでしょう。","今は、安定を受け取る時です。","あなたは、守られています。","安心できる環境を整えましょう。","満たされず、安定を感じにくい状態です。","表面的な安心に違和感を覚えています。","休んで大丈夫です。","本音を確認しましょう.","wands/Wands_04_Four"
wand_5,minor,wands,5,ワンドの5,Five of Wands,火,陽,No,No,混乱,衝突|競争|摩擦,衝突|競争|摩擦|混乱|主張|比較|葛藤|違い|試練,対立|疲弊|不和|攻撃|消耗|混戦|混乱拡大|敵意|拒絶|孤立,"今は、意見や立場の違いが表に出やすく、摩擦が生まれやすい時です。衝突は不快でも、互いの違いを知るための過程でもあります。勝ち負けよりも、何を学ぶかに意識を向けてみてください。","これまで、価値観や方向性の違いが積み重なってきました。","今は、摩擦や競争の中で自分の立ち位置を確認する地点にいます。","対立を乗り越えることで、より強い結束や理解が生まれるでしょう。","今は、違いを受け止める時です。","衝突は、成長の種です。","一歩引いて観察しましょう。","争いに疲れ、消耗しやすい状態です。","対立を避けすぎています。","無理に勝たなくて大丈夫です。","距離を取りましょう.","wands/Wands_05_Five5"
cup_1,minor,cups,1,カップのエース,Ace of Cups,水,陰,Yes,保留,始まり,感情|愛|受容,愛|感情|受容|癒し|始まり|優しさ|共感|心|満たされる,感情過多|依存|不安定|空虚|過敏|混乱|抑圧|孤独|閉塞|疲労,"今は、心が開かれ、新しい感情や愛が流れ込んでくる時です。素直に感じることを許すことで、癒しとつながりが生まれます。満たされた感覚を、まずは自分自身に向けて受け取ってください。","これまで、感情を抑えたり、心を閉じてきた背景があります。","今は、感情を受け入れ、心を開く地点にいます。","愛や共感が広がり、人とのつながりが深まっていくでしょう。","今は、心を開く時です。","あなたの感情は、尊いものです。","素直な気持ちを大切にしましょう。","感情が溢れ、バランスを崩しやすい状態です。","依存や不安が強まっています。","無理に与えなくて大丈夫です。","まず自分を満たしましょう.","cups/Cups_01_Ace"
cup_2,minor,cups,2,カップの2,Two of Cups,水,陰,Yes,Yes,調和,結び|相互|信頼,結び|調和|信頼|対等|愛情|共鳴|理解|関係性|共有,不均衡|依存|誤解|距離|緊張|不一致|不安|片想い|すれ違い|疑念,"今は、心と心が対等に結ばれ、信頼関係が育ちやすい時です。与えることと受け取ることのバランスが取れた関係が、安心をもたらします。素直な気持ちを分かち合ってみてください。","これまで、誰かとの関係性を大切に育ててきました。","今は、相互理解と信頼が形になりやすい地点にいます。","誠実な関わりが、長く続く絆へと発展していくでしょう。","今は、信頼を育む時です。","あなたは、一人ではありません。","気持ちを共有しましょう。","関係性に偏りが生まれやすい状態です。","依存や誤解が距離を作っています。","急がなくて大丈夫です。","対話を大切にしましょう.","cups/Cups_02_Two"
cup_3,minor,cups,3,カップの3,Three of Cups,水,陰,Yes,Yes,喜び,祝福|共有|友情,祝福|共有|友情|喜び|集い|感謝|つながり|分かち合い|軽やか,過剰|表面的|依存|疲労|騒がしさ|浪費|浅さ|孤立|空虚|倦怠,"今は、喜びや達成を周囲と分かち合える時です。人とのつながりが、心を軽くし、安心感をもたらします。感謝の気持ちを言葉や態度で表してみてください。","これまで、一人で頑張る場面が多くありました。","今は、支え合い、喜びを共有できる地点にいます。","つながりが広がり、心が明るく満たされていくでしょう。","今は、喜びを分かち合う時です。","あなたは、受け入れられています。","感謝を伝えましょう。","表面的な楽しさに疲れやすい状態です。","無理に合わせすぎています。","距離を取っても大丈夫です。","本音を大切にしましょう.","cups/Cups_03_Three"
cup_4,minor,cups,4,カップの4,Four of Cups,水,陰,保留,No,停滞,無関心|内省|停滞,無関心|内省|停滞|倦怠|不満|閉塞|気づき不足|拒否|距離,拒絶|不満増大|孤立|後悔|停滞長期|鈍感|逃避|不安|閉鎖|疲弊,"今は、気持ちが動かず、満たされなさを感じやすい時です。差し出されているものに気づきにくく、心が内側に向いています。無理に動かそうとせず、何に疲れているのかを静かに見つめてみてください。","これまで、期待と現実のズレを感じる場面がありました。","今は、心の状態を見直し、内省する地点にいます。","気づきを得ることで、新しい選択肢が再び見えてくるでしょう。","今は、無理をしない時です。","休息も、大切な時間です。","気持ちを整理しましょう。","不満に囚われ、チャンスを拒みやすい状態です。","視野が狭くなっています。","焦らなくて大丈夫です。","一息つきましょう.","cups/Cups_04_Four"
cup_5,minor,cups,5,カップの5,Five of Cups,水,陰,No,No,喪失,喪失|後悔|悲しみ,喪失|後悔|悲しみ|失望|未練|嘆き|感情|区切り|癒し,回復|受容|希望|立ち直り|再生|視点転換|許し|前進|解放|再選択,"今は、失ったものや後悔に意識が向きやすい時です。悲しみを無理に否定せず、十分に感じ切ることが癒しにつながります。まだ残されているものにも、少しずつ目を向けてみてください。","これまで、喪失や残念な出来事を経験してきました。","今は、悲しみと向き合い、感情を整理する地点にいます。","受容が進むことで、希望と回復の流れが静かに戻ってくるでしょう。","今は、悲しみを否定しない時です。","癒しは、ゆっくり訪れます。","感情を表現しましょう。","後悔に囚われ、前が見えにくい状態です。","自分を責めすぎています。","時間が必要です。","優しく自分を労りましょう.","cups/Cups_05_Five"
sword_1,minor,swords,1,ソードのエース,Ace of Swords,風,陽,Yes,Yes,早い,真実|明晰|決断,真実|明晰|決断|言葉|洞察|切り開く|理解|覚醒|知性,混乱|誤解|言葉の暴走|冷酷|断絶|鋭すぎる判断|思考過多|偏り|攻撃|硬直,"今は、思考が冴え、物事の本質を見抜きやすい時です。曖昧だった状況に言葉や理解が与えられ、真実がはっきりと浮かび上がります。冷静さを保ちながら、必要な決断を下してみてください。","これまで、はっきりしない状況に悩まされてきました。","今は、真実を見極め、判断を下す地点にいます。","明確な決断が、新しい道を切り開いていくでしょう。","今は、真実を選ぶ時です。","明晰さは、あなたの味方です。","言葉を整理しましょう。","考えすぎにより、混乱を招きやすい状態です。","言葉が鋭くなりすぎています。","一呼吸置いて大丈夫です。","柔らかさを意識しましょう.","swords/Swords_01_Ace"
sword_2,minor,swords,2,ソードの2,Two of Swords,風,陰,保留,No,停滞,迷い|均衡|防御,迷い|均衡|防御|保留|遮断|葛藤|選択回避|沈黙|緊張,回避|優柔不断|感情遮断|混乱|緊張増大|停滞|不安|拒否|硬直|逃避,"今は、判断を下すことを避け、心を閉じてバランスを保とうとしている時です。決めないことで守られている面もありますが、同時に停滞も生まれています。感情に目を向けることで、次の一手が見えてくるでしょう。","これまで、対立や衝突を避けてきた背景があります。","今は、選択を保留し、心を守る地点にいます。","感情と向き合うことで、再び選択肢が動き始めるでしょう。","今は、無理に決めなくて大丈夫です。","守ることも、必要な選択です。","感情を感じてみましょう。","現実から目を背け、問題を先送りしやすい状態です。","緊張が続いています。","今は待って大丈夫です。","安全を確保しましょう.","swords/Swords_02_Two"
sword_3,minor,swords,3,ソードの3,Three of Swords,風,陽,No,No,痛み,痛み|悲しみ|真実,痛み|悲しみ|失望|別離|真実|衝撃|理解|心の傷|認識,癒し拒否|否認|執着|閉塞|回避|自己防衛|苦悩|停滞|誤解|孤立,"今は、心に痛みを伴う真実が明らかになりやすい時です。傷つく経験は辛いですが、同時に幻想を手放す機会でもあります。感情を否定せず、感じ切ることで理解が深まっていくでしょう。","これまで、期待と現実のズレが積み重なってきました。","今は、痛みと向き合い、真実を受け止める地点にいます。","受容が進むことで、癒しと理解の流れが静かに始まるでしょう。","今は、痛みを否定しない時です。","真実は、癒しの入口です。","感情を言葉にしましょう。","痛みを避け、心を閉ざしやすい状態です。","悲しみに囚われています。","時間が必要です。","自分を労りましょう.","swords/Swords_03_Three"
sword_4,minor,swords,4,ソードの4,Four of Swords,風,陰,保留,No,休息,休息|回復|静止,休息|回復|静止|内省|癒し|距離|整える|再生|沈黙,疲弊|回避|停滞長期|孤立|無気力|逃避|不安|閉塞|倦怠|消耗,"今は、思考と行動を一度止め、心身を休ませる時です。距離を取ることで、消耗したエネルギーが回復していきます。何もしない時間も、必要な整えの一部です。","これまで、緊張や思考の酷使が続いてきました。","今は、休息と回復を優先する地点にいます。","十分に整えることで、再び明晰さと意欲が戻ってくるでしょう。","今は、休むことを選んで大丈夫です。","静けさは、回復をもたらします。","休息を確保しましょう。","休むことに罪悪感を抱きやすい状態です。","思考が止まらず疲れています。","無理に動かなくて大丈夫です。","深呼吸しましょう.","swords/Swords_04_Four"
sword_5,minor,swords,5,ソードの5,Five of Swords,風,陽,No,No,混乱,敗北|対立|後味,敗北|対立|後味|衝突|勝敗|孤立|不信|代償|緊張,和解|手放し|理解|距離|再評価|許し|修復|学び|選び直し|平和,"今は、勝ち負けや正しさにこだわることで、心が消耗しやすい時です。たとえ勝ったとしても、後味の悪さや孤立が残る可能性があります。何を守り、何を手放すかを見直してみてください。","これまで、対立や競争が積み重なってきました。","今は、衝突の中で自分の立ち位置を再確認する地点にいます。","争いから距離を取ることで、より健全な選択肢が見えてくるでしょう。","今は、勝ちに固執しない時です。","平和は、選び直せます。","一歩引きましょう。","対立に囚われ、孤立しやすい状態です。","意地が判断を曇らせています。","争わなくて大丈夫です。","距離を取りましょう.","swords/Swords_05_Five"
pentacle_1,minor,pentacles,1,ペンタクルのエース,Ace of Pentacles,地,陰,Yes,保留,始まり,現実|基盤|種,始まり|現実|基盤|機会|安定|形|実り|具体化|信頼,機会損失|不安|現実逃避|疑念|慎重過多|停滞|躊躇|不安定|浪費|準備不足,"今は、現実的なチャンスが目の前に差し出される時です。小さくても確かな種があり、それをどう育てるかが焦点になります。地に足をつけた一歩が、安定した実りにつながっていくでしょう。","これまで、安定や基盤を求めて準備を重ねてきました。","今は、現実的なスタート地点に立ち、具体化を始める地点にいます。","丁寧に育てることで、確かな成果へと成長していくでしょう。","今は、現実的な一歩を選ぶ時です。","その機会は、確かなものです。","具体的に動きましょう。","不安が先立ち、チャンスを疑いやすい状態です。","現実を避けようとしています。","焦らなくて大丈夫です。","準備を整えましょう.","pentacles/Pentacles_01_Ace"
pentacle_2,minor,pentacles,2,ペンタクルの2,Two of Pentacles,地,陰,保留,No,忙しさ,調整|バランス|対応,調整|バランス|対応|柔軟|やりくり|同時進行|変化|適応|選択,過負荷|混乱|不安定|優先混乱|疲弊|先延ばし|無計画|消耗|焦り|限界,"今は、複数のことを同時に扱いながら、バランスを取ろうとしている時です。完璧に整えようとするより、柔軟に対応することが焦点になります。無理のない配分を意識してみてください。","これまで、忙しさの中でやりくりを続けてきました。","今は、優先順位を見直し、調整する地点にいます。","取捨選択が進むことで、流れは落ち着いていくでしょう。","今は、柔軟に対応する時です。","あなたは、十分にやりくりできています。","負荷を見直しましょう。","抱えすぎてバランスを崩しやすい状態です。","無理が続いています。","一人で背負わなくて大丈夫です。","優先順位を整理しましょう.","pentacles/Pentacles_02_Two"
pentacle_3,minor,pentacles,3,ペンタクルの3,Three of Pentacles,地,陰,Yes,Yes,進展,協力|評価|技術,協力|評価|技術|成長|学び|共同|計画|実務|積み上げ,不和|軽視|孤立|未熟|連携不足|誤解|停滞|自己否定|拒絶|不安,"今は、一人ではなく、協力や共同作業によって物事が形になりやすい時です。自分の役割を果たすことで、全体の完成度が高まります。学び合いながら進む姿勢が評価につながるでしょう。","これまで、技術や経験を積み重ねてきました。","今は、他者と連携し、形にしていく地点にいます。","協力関係が深まり、成果は着実に積み上がっていくでしょう。","今は、協力を大切にする時です。","あなたの力は、必要とされています。","役割を確認しましょう。","評価を恐れ、力を出し切れない状態です。","一人で抱え込んでいます。","安心して任せて大丈夫です。","相談しましょう.","pentacles/Pentacles_03_Three"
pentacle_4,minor,pentacles,4,ペンタクルの4,Four of Pentacles,地,陰,No,No,固定,執着|防衛|保持,保持|執着|防衛|安定|所有|守る|固定|不安|独占,解放|循環|共有|安心|柔軟|信頼|手放し|調整|余裕|変化,"今は、安定を守ろうとするあまり、心が硬くなりやすい時です。失う不安が、循環を止めている可能性があります。少し緩めることで、安心はかえって広がっていくでしょう。","これまで、失わないように慎重な選択を重ねてきました。","今は、守りと手放しのバランスを見直す地点にいます。","循環を取り戻すことで、安定はより健やかな形へ変わっていくでしょう。","今は、執着に気づく時です。","安心は、分かち合えます。","少し緩めましょう。","不安から手放せず、孤立しやすい状態です。","守りに入りすぎています。","すぐに変えなくて大丈夫です。","信頼を意識しましょう.","pentacles/Pentacles_04_Four"
pentacle_5,minor,pentacles,5,ペンタクルの5,Five of Pentacles,地,陰,No,No,困難,欠乏|不安|孤立,欠乏|不安|孤立|困難|不足感|排除|寒さ|試練|支援不足,回復|支援|希望|助け|つながり|再建|救済|温もり|再出発|受容,"今は、物質的・精神的な不足感を強く感じやすい時です。一人で耐えようとすると、孤立感が深まってしまいます。差し伸べられている支援や助けに、少し目を向けてみてください。","これまで、支えが得られにくい状況を経験してきました。","今は、不安や欠乏感と向き合う厳しい地点にいます。","助けを受け入れることで、回復への道が静かに開かれていくでしょう。","今は、一人で抱え込まない時です。","助けは、あなたの近くにあります。","支援を探しましょう。","孤立感が強まり、希望を見失いやすい状態です。","助けを拒んでいます。","恥じなくて大丈夫です。","誰かに頼りましょう.","pentacles/Pentacles_05_Five"
wand_6,minor,wands,6,ワンドの6,Six of Wands,火,陽,Yes,Yes,進展,勝利|評価|前進,勝利|成功|評価|注目|達成|前進|自信|承認|良い知らせ|凱旋,過信|傲慢|期待外れ|見栄|承認欲求|失速|評価の揺れ|空回り|孤立|失望,"今は、努力が認められ、前向きな評価や成果が表に出やすい時です。周囲からの承認や良い知らせが届き、物事が一段階進みます。ただし、結果に酔いすぎず、次の一歩を着実に整えることが鍵になります。","これまで、地道な努力や挑戦を積み重ね、注目や評価に近づいてきた流れがありました。","今は、成果が見えやすくなり、堂々と前に出られる地点にいます。","評価を追い風にしながら進めば、次の展開もスムーズに開けていくでしょう。","今は、受け取るべき評価を受け取る時です。","あなたの努力は、きちんと届いています。","一つだけ「次の目標」を決めて進みましょう。","評価や期待に振り回され、空回りしやすい状態です。","承認欲求や見栄が強くなると、本来の軸が揺らぎます。","評価に頼らなくて大丈夫です。","自分の基準を確認し、淡々と積み上げましょう。","wands/Wands_06_Six"
wand_7,minor,wands,7,ワンドの7,Seven of Wands,火,陽,Yes,No,緊張,防衛|主張|対抗,防衛|主張|対抗|立場|競争|プレッシャー|踏ん張り|意志,消耗|孤立|攻撃過多|防御疲れ|頑固|不安|疲弊|過剰反応|混乱|限界,"今は、自分の立場や信念を守るために踏ん張る必要がある時です。周囲からの圧や意見にさらされやすいですが、あなたの位置は正当なものです。無理をしすぎず、守るべきものを見極めてください。","これまで、評価や成果によって注目を集めてきました。","今は、立場を維持し、自分を守る地点にいます。","必要な主張を続けることで、状況は次第に安定していくでしょう。","今は、自分の立場を守る時です。","あなたの場所は、簡単には揺らぎません。","必要な線を引きましょう。","過剰に身構え、疲れやすい状態です。","孤立感が強まっています。","一人で戦わなくて大丈夫です。","助けを求めましょう.","wands/Wands_07_Seven"
wand_8,minor,wands,8,ワンドの8,Eight of Wands,火,陽,Yes,Yes,急展開,加速|展開|進行,加速|展開|進行|連絡|動き|変化|スピード|流れ|到達,混乱|急ぎすぎ|見落とし|不安定|焦り|暴走|誤解|遅延|空回り|疲労,"今は、物事が一気に動き出し、展開が加速する時です。待っていた連絡や進展が訪れやすく、流れに勢いがあります。考えすぎず、タイミングを信じて乗ってみてください。","これまで、準備や停滞の時間が続いていました。","今は、流れが動き、前進が始まる地点にいます。","スムーズな進展により、状況は一気に前へ進むでしょう。","今は、流れに乗る時です。","タイミングは、整っています。","素早く対応しましょう。","勢いに飲まれ、判断を誤りやすい状態です。","落ち着きを失っています。","急がなくて大丈夫です。","確認を怠らないで。","wands/Wands_08_Eight"
wand_9,minor,wands,9,ワンドの9,Nine of Wands,火,陽,保留,No,限界,警戒|継続|防御,警戒|継続|防御|忍耐|疲労|持久|守備|踏ん張り,消耗|不信|疑心暗鬼|防御過多|限界|疲弊|孤立|恐れ|緊張|撤退,"今は、疲れを感じながらも、もう一踏ん張りが必要な時です。過去の経験から警戒心が強まっていますが、それはあなたを守る知恵でもあります。休みながら、続けられる形を探してみてください。","これまで、多くの困難を乗り越えてきました。","今は、疲労を抱えつつも立ち続ける地点にいます。","無理をしなければ、最後までやり遂げる力は残っています。","今は、踏ん張りどころです。","あなたは、十分に耐えてきました。","休みながら続けましょう。","疑いが強く、人を遠ざけやすい状態です。","限界を超えようとしています。","休んで大丈夫です。","防御を緩めましょう.","wands/Wands_09_Nine"
wand_10,minor,wands,10,ワンドの10,Ten of Wands,火,陽,No,No,重圧,過負荷|責任|限界,過負荷|責任|重圧|義務|抱え込み|疲労|限界|手放し,解放|分担|軽減|区切り|整理|委ねる|再構築|余白|回復|再出発,"今は、多くを抱え込みすぎ、心身に重さを感じやすい時です。責任感が強いほど、限界を超えてしまうことがあります。手放すことや分担することも、大切な選択です。","これまで、多くの役割や期待を引き受けてきました。","今は、限界に近づき、整理と区切りが必要な地点にいます。","負担を軽くすることで、新しい流れが再び動き出すでしょう。","今は、抱え込みすぎない時です。","あなたは、十分に背負ってきました。","一つ下ろしましょう。","責任を手放せず、疲弊しやすい状態です。","義務感に縛られています。","すぐに全部降ろさなくて大丈夫です。","分担を考えましょう.","wands/Wands_10_Ten"
cup_6,minor,cups,6,カップの6,Six of Cups,水,陰,Yes,保留,穏やか,過去|純粋|懐かしさ,過去|純粋|思い出|安心|無邪気|優しさ|再会|原点|素直,停滞|現実逃避|未熟|依存|成長拒否|執着|後退|甘え|逃避|停滞,"今は、過去の思い出や純粋な感情が心に浮かびやすい時です。懐かしさの中に、大切な原点や安心感があります。ただし、過去に留まりすぎず、今の自分とどう繋げるかが鍵になります。","これまで、安心できる記憶や関係に支えられてきました。","今は、過去の経験から大切なものを受け取る地点にいます。","純粋な想いを今に活かすことで、心は穏やかに整っていくでしょう。","今は、原点を思い出す時です。","あなたの中に、変わらない優しさがあります。","懐かしさを書き留めましょう。","過去に縛られ、前に進みにくい状態です。","成長を避けています。","無理に進まなくて大丈夫です。","今と過去を繋げましょう.","cups/Cups_06_Six"
cup_7,minor,cups,7,カップの7,Seven of Cups,水,陰,保留,No,混乱,選択|幻想|迷い,幻想|選択|迷い|夢|可能性|混乱|誘惑|不確実|妄想,現実逃避|錯覚|混乱増大|誤認|過信|迷走|依存|不安|空虚|判断不能,"今は、多くの選択肢や可能性が見え、心が揺れやすい時です。魅力的に見えるものほど、実態が曖昧な場合もあります。落ち着いて、現実に根ざした選択を見極めてください。","これまで、理想や夢に心を向けてきました。","今は、幻想と現実の区別をつける地点にいます。","選択を絞ることで、霧は少しずつ晴れていくでしょう。","今は、冷静になる時です。","本物は、静かに残ります。","現実を書き出しましょう。","夢に溺れ、判断を誤りやすい状態です。","地に足がついていません。","焦らなくて大丈夫です。","一つずつ整理しましょう.","minor/Cups_07_Seven"
cup_8,minor,cups,8,カップの8,Eight of Cups,水,陰,No,Yes,転換,離脱|探索|決意,離脱|探索|決意|転換|成長|内的探求|区切り|前進|静かな勇気,未練|停滞|恐れ|依存|逃避|後悔|迷走|躊躇|不安|葛藤,"今は、満たされなくなったものから静かに離れる時です。外からは十分に見えても、心が納得していないなら前に進む必要があります。孤独に見える選択でも、それは成長への大切な一歩です。","これまで、心を満たそうと努力を続けてきました。","今は、本当の充足を求めて歩き出す地点にいます。","勇気ある決断が、より深い満足へと導いてくれるでしょう。","今は、手放しを選ぶ時です。","あなたの探求は、正しい道です。","静かに距離を取りましょう。","未練から動けず、停滞しやすい状態です。","恐れが決断を妨げています。","一人で進まなくて大丈夫です。","支えを思い出しましょう.","minor/Cups_08_Eight"
cup_9,minor,cups,9,カップの9,Nine of Cups,水,陰,Yes,Yes,満足,満足|願望|充足,満足|願望成就|充足|喜び|自己肯定|豊かさ|安心|達成|心地よさ,慢心|怠惰|独善|過剰|依存|空虚|満足不足|欲張り|停滞|油断,"今は、心が満たされ、願いが形になりやすい時です。これまで求めてきたものが手元にあり、安心感を味わえます。自分を認め、今の充足を素直に受け取ってください。","これまで、満足を求めて努力を続けてきました。","今は、願いが叶い、心が満ちる地点にいます。","満足感が自信となり、次の喜びを引き寄せるでしょう。","今は、満足を味わう時です。","あなたは、よくやっています。","自分を労いましょう。","満足に甘え、成長を止めやすい状態です。","独りよがりになっています。","分かち合って大丈夫です。","感謝を表しましょう.","cups/Cups_09_Nine"
cup_10,minor,cups,10,カップの10,Ten of Cups,水,陰,Yes,Yes,完成,幸福|調和|共有,幸福|調和|共有|愛|安心|結び|家族|心の完成|祝福,表面幸福|理想化|依存|現実逃避|期待過多|不満|不和|違和感|崩れ|過信,"今は、心が深く満たされ、人とのつながりに幸福を感じやすい時です。共有される喜びや安心感が、長く続く調和を育てます。完璧を求めず、今ある幸せを大切にしてください。","これまで、感情的な充足を求めてきました。","今は、心の完成と調和を実感する地点にいます。","分かち合う幸せが、穏やかに広がっていくでしょう。","今は、幸福を受け取る時です。","あなたは、愛の中にいます。","大切な人と喜びを分かち合いましょう。","理想と現実の差に違和感を覚えやすい状態です。","期待しすぎています。","比べなくて大丈夫です。","今の幸せを感じましょう.","cups/Cups_10_Ten"
sword_6,minor,swords,6,ソードの6,Six of Swords,風,陰,Yes,保留,移行,移動|回復|距離,移動|回復|距離|移行|整理|前進|静けさ|通過|癒し,逃避|未練|停滞|感情抑圧|後戻り|不安|躊躇|中途半端|葛藤|迷走,"今は、困難だった状況から静かに距離を取り、次の場所へ移行する時です。完全な解決でなくても、心が少し楽になる方向を選ぶことが大切です。穏やかな場所へ向かう途中だと信じてください。","これまで、思考や対立による疲労が続いてきました。","今は、心を守るために距離を取り、移行する地点にいます。","静かな回復が進み、次第に思考も落ち着いていくでしょう。","今は、移動を選んで大丈夫です。","安全な場所へ向かっています。","一歩距離を取りましょう。","問題から逃げていると感じやすい状態です。","決断に迷っています。","今は完全でなくて大丈夫です。","心の静けさを優先しましょう.","swords/Swords_06_Six"
sword_7,minor,swords,7,ソードの7,Seven of Swords,風,陽,No,No,警戒,策略|隠し事|回避,策略|隠し事|回避|秘密|単独行動|ずるさ|疑念|警戒|自己保身,露見|罪悪感|不信|混乱|後悔|孤立|誤解|対立|破綻|不安,"今は、本音を隠したり、正面から向き合うことを避けたくなる時です。賢さとして必要な場合もありますが、同時に不信を生む可能性もあります。何を守り、何を正直にするかを見極めてください。","これまで、対立や緊張を避けようとしてきました。","今は、ずるさと防衛の間で揺れる地点にいます。","誠実さを選ぶことで、後の混乱は小さく抑えられるでしょう。","今は、慎重になる時です。","真実は、後から必ず表れます。","正直さを確認しましょう。","疑いが強く、人を信じにくい状態です。","孤立しやすくなっています。","一人で抱えなくて大丈夫です。","信頼できる人を思い出しましょう.","swords/Swords_07_Seven"
sword_8,minor,swords,8,ソードの8,Eight of Swords,風,陰,No,No,停滞,制限|思い込み|束縛,制限|思い込み|束縛|自己否定|不安|恐れ|視野狭窄|閉塞|固定観念,解放|気づき|視点転換|自由|再選択|自信回復|突破|可能性|理解|勇気,"今は、自分自身の思い込みによって動けなくなっている時です。外からの制限よりも、内側の恐れが足を止めています。視点を変えることで、抜け道は必ず見つかります。","これまで、不安や恐れを抱え続けてきました。","今は、思考の罠に気づくための地点にいます。","気づきが生まれれば、状況は一気に緩み始めるでしょう。","今は、思い込みを疑う時です。","縛っているのは、あなた自身ではありません。","視点を変えてみましょう。","無力感が強まり、行動を避けやすい状態です。","自信を失っています。","一歩ずつで大丈夫です。","できることから始めましょう.","swords/Swords_08_Eight"
sword_9,minor,swords,9,ソードの9,Nine of Swords,風,陰,No,No,不安,不安|後悔|恐怖,不安|後悔|恐怖|罪悪感|心配|悪夢|思考過多|自責|苦悩,軽減|安心|許し|休息|共有|現実確認|癒し|受容|回復|希望,"今は、不安や後悔が頭を巡り、心が休まりにくい時です。多くは現実よりも思考が作り出した恐れかもしれません。一人で抱え込まず、言葉にすることで重さは和らぎます。","これまで、心配や自責の念を溜め込んできました。","今は、不安が表面化し、向き合う地点にいます。","共有と休息によって、思考は少しずつ落ち着いていくでしょう。","今は、不安を否定しないでください。","あなたは、一人ではありません。","誰かに話しましょう。","恐れに飲み込まれ、眠れなくなっている状態です。","現実以上に自分を責めています。","休んで大丈夫です。","安心できる環境を整えましょう.","swords/Swords_09_Nine"
sword_10,minor,swords,10,ソードの10,Ten of Swords,風,陽,No,No,終焉,終焉|限界|崩壊,終焉|限界|崩壊|裏切り|痛み|停止|区切り|底|リセット,再生|回復|夜明け|立ち直り|再出発|解放|回復力|転換|希望|再構築,"今は、思考や状況が限界を迎え、これ以上続けられない地点にいます。非常に辛く感じられますが、ここが底であり、これ以上悪くなることはありません。終わりは、新しい始まりの入口でもあります。","これまで、多くの痛みや失望を抱えてきました。","今は、完全な区切りと終焉を迎える地点にいます。","夜明けは必ず訪れ、回復と再出発が始まるでしょう。","今は、終わりを受け入れる時です。","これは、再生の前兆です。","一度、完全に休みましょう。","絶望感が強く、希望を見失いやすい状態です。","全てが終わったように感じています。","今は立ち上がらなくて大丈夫です。","夜明けを待ちましょう.","swords/Swords_10_Ten"
pentacle_6,minor,pentacles,6,ペンタクルの6,Six of Pentacles,地,陰,Yes,Yes,循環,分配|援助|公平,分配|援助|公平|循環|支援|受給|バランス|思いやり|寛容,不公平|依存|偏り|支配|上下関係|見返り|搾取|不満|不均衡|負担,"今は、与えることと受け取ることのバランスが整いやすい時です。助け合いや支援が、現実的な安心を生み出します。どちらの立場でも、感謝と尊重を忘れずにいましょう。","これまで、支える側・支えられる側の経験を重ねてきました。","今は、循環の中で公平さを確認する地点にいます。","健やかなやり取りが、安定した関係と信頼を育てていくでしょう。","今は、循環を意識する時です。","与えることも、受け取ることも尊い行為です。","バランスを整えましょう。","偏った関係に疲れやすい状態です。","依存や不満が溜まっています。","無理に与えなくて大丈夫です。","対等さを意識しましょう。","pentacles/Pentacles_06_Six"
pentacle_7,minor,pentacles,7,ペンタクルの7,Seven of Pentacles,地,陰,保留,No,停滞,忍耐|評価|待機,忍耐|評価|待機|成長|途中経過|見直し|投資|時間|積み重ね,焦り|失望|放棄|短期思考|無価値感|疲労|迷い|停滞感|疑念|後悔,"今は、これまでの努力の途中経過を見直し、結果を待つ時です。すぐに実りが見えなくても、積み重ねは確実に力になっています。焦らず、育成の時間を信頼してください。","これまで、現実的な努力を重ねてきました。","今は、進捗を確認し、評価する地点にいます。","忍耐を続けることで、成果はゆっくり形になっていくでしょう。","今は、待つことも大切です。","育ててきたものは、無駄ではありません。","途中経過を確認しましょう。","成果が見えず、諦めやすい状態です。","努力を過小評価しています。","今は結論を急がなくて大丈夫です。","もう少し様子を見ましょう。","pentacles/Pentacles_07_Seven"
pentacle_8,minor,pentacles,8,ペンタクルの8,Eight of Pentacles,地,陰,Yes,Yes,集中,技能|努力|習熟,技能|努力|習熟|集中|継続|精進|実務|鍛錬|向上,単調|過集中|孤立|視野狭窄|疲弊|完璧主義|硬直|偏り|消耗|義務,"今は、一つのことに集中し、技術や実力を磨く時です。地道な努力が、確かな自信と成果につながります。派手さよりも、丁寧さを大切にしてください。","これまで、学びや実践を積み重ねてきました。","今は、集中して磨き上げる地点にいます。","努力は確実に形となり、評価につながっていくでしょう。","今は、丁寧に取り組む時です。","積み重ねは、力になります。","集中できる環境を整えましょう。","頑張りすぎて疲れやすい状態です。","視野が狭くなっています。","休みながらで大丈夫です。","バランスを意識しましょう。","pentacles/Pentacles_08_Eight"
pentacle_9,minor,pentacles,9,ペンタクルの9,Nine of Pentacles,地,陰,Yes,Yes,充足,自立|豊かさ|洗練,自立|豊かさ|洗練|安心|成熟|余裕|自己価値|安定|満足,孤立|浪費|虚栄|依存回避|寂しさ|過信|距離|自己完結|不安|偏り,"今は、努力が実を結び、自立と豊かさを実感しやすい時です。物質的にも精神的にも余裕が生まれ、自分の価値を静かに味わえます。ここまで来た自分を、しっかり認めてください。","これまで、地道な努力と自立を重ねてきました。","今は、安心と成熟を実感する地点にいます。","余裕ある状態が、さらに良い循環を呼び込むでしょう。","今は、自立を味わう時です。","あなたは、十分に築いてきました。","自分を讃えましょう。","孤立しすぎて心を閉じやすい状態です。","頼ることを避けています。","一人で完璧でなくて大丈夫です。","分かち合いを思い出しましょう。","pentacles/Pentacles_09_Nine"
pentacle_10,minor,pentacles,10,ペンタクルの10,Ten of Pentacles,地,陰,Yes,Yes,完成,安定|継承|完成,安定|継承|完成|家族|基盤|繁栄|長期|安心|共有,固定化|保守|惰性|重圧|形式化|自由不足|閉塞|義務|停滞|変化拒否,"今は、長期的な安定や基盤が完成し、安心を実感できる時です。積み重ねてきた現実が形となり、次の世代や未来へと受け継がれていきます。ここまでの歩みを誇りに思ってください。","これまで、現実的な基盤作りを続けてきました。","今は、完成と継承を迎える地点にいます。","安定した基盤の上で、次の循環が穏やかに始まるでしょう。","今は、完成を受け取る時です。","あなたの積み重ねは、確かなものです。","安心を味わいましょう。","安定に縛られ、変化を恐れやすい状態です。","自由を制限しています。","すぐに変えなくて大丈夫です。","柔軟さを残しましょう。","pentacles/Pentacles_10_Ten"
wand_page,minor,wands,page,ワンドのペイジ,Page of Wands,火,陽,Yes,保留,始動,好奇心|兆し|探求,好奇心|兆し|探求|情熱|学び|可能性|柔軟|直感|若さ,未熟|不安定|気まぐれ|集中欠如|空回り|飽き|自信不足|迷走|軽率|継続不可,"今は、新しい可能性に心が惹かれ、試してみたい衝動が芽生える時です。まだ形は定まっていませんが、好奇心そのものが大切なサインです。結果を急がず、学びの姿勢で一歩踏み出してみてください。","これまで、刺激や変化を求める気持ちが高まってきました。","今は、情熱の兆しに気づき、探求を始める地点にいます。","経験を重ねることで、情熱は徐々に確かな方向性を持つでしょう。","今は、試してみる時です。","そのワクワクは、本物です。","興味のあることを書き出しましょう。","集中できず、気持ちが散りやすい状態です。","自信が揺らいでいます。","完璧でなくて大丈夫です。","まず触れてみましょう。","wands/Wands_11_Page"
wand_knight,minor,wands,knight,ワンドのナイト,Knight of Wands,火,陽,Yes,No,加速,行動|衝動|冒険,行動|衝動|冒険|情熱|挑戦|勢い|前進|大胆|変化,無謀|短気|不安定|衝突|計画不足|飽き|暴走|中断|軽率|疲労,"今は、情熱が一気に高まり、行動に移しやすい時です。勢いと勇気があり、状況を動かす力を持っています。ただし、スピードが速すぎると周囲との摩擦が生まれやすい点に注意してください。","これまで、動き出したい衝動を抑えてきました。","今は、情熱を行動へと変える地点にいます。","勢いを活かせば、状況は一気に前へ進むでしょう。","今は、動くことを恐れないでください。","あなたには、進む力があります。","直感に従って動きましょう。","衝動的になりすぎ、周囲とぶつかりやすい状態です。","継続が難しくなっています。","一度立ち止まっても大丈夫です。","方向を確認しましょう。","wands/Wands_12_Knight"
wand_queen,minor,wands,queen,ワンドのクイーン,Queen of Wands,火,陽,Yes,Yes,安定,自信|魅力|表現,自信|魅力|表現|情熱|存在感|創造|温かさ|主体性|信頼,嫉妬|支配|感情過多|不安定|承認欲求|過干渉|疲労|自己疑念|孤立|過信,"今は、自分らしい情熱を自然に表現でき、周囲を明るく照らす時です。無理に証明しなくても、あなたの存在そのものが力を持っています。自信と優しさを両立させることで、信頼はさらに深まるでしょう。","これまで、経験を通して自分の力を育ててきました。","今は、情熱を安定した形で発揮する地点にいます。","あなたの魅力が、周囲を勇気づける存在となるでしょう。","今は、自分を信じる時です。","あなたは、十分に輝いています。","堂々と振る舞いましょう。","承認を求めすぎ、疲れやすい状態です。","自信を見失いかけています。","無理に明るくしなくて大丈夫です。","休息を取りましょう。","wands/Wands_13_Queen"
wand_king,minor,wands,king,ワンドのキング,King of Wands,火,陽,Yes,Yes,統率,統率|ビジョン|指導,統率|ビジョン|指導|情熱|決断|影響力|創造|責任|展望,独裁|傲慢|短気|支配|理想過多|現実軽視|孤立|圧力|疲弊|頑固,"今は、情熱をビジョンとして掲げ、人を導く立場に立つ時です。行動力と先見性があり、周囲に影響を与える力を持っています。独りで抱え込まず、信頼を分かち合うことで統率は安定します。","これまで、情熱と経験を積み重ねてきました。","今は、全体を見渡し、方向性を示す地点にいます。","明確なビジョンが、多くの人を前進させるでしょう。","今は、導く役割を受け入れる時です。","あなたの情熱は、道標になります。","展望を言葉にしましょう。","支配的になり、孤立しやすい状態です。","責任を一人で背負いすぎています。","完璧でなくて大丈夫です。","信頼して任せましょう。","wands/Wands_14_King"
cup_page,minor,cups,page,カップのペイジ,Page of Cups,水,陰,Yes,保留,兆し,感受性|直感|芽生え,感受性|直感|芽生え|純粋|優しさ|想像力|心の声|柔らかさ|共感,幼さ|不安定|現実逃避|依存|傷つきやすさ|気まぐれ|混乱|未熟|自己否定|揺れ,"今は、繊細な感情や直感が静かに芽生える時です。はっきり言葉にできなくても、心が感じていることには意味があります。評価せず、そのまま受け取ることが大切です。","これまで、感情を抑えたり、後回しにしてきた場面がありました。","今は、心の声に耳を傾け、感情の芽に気づく地点にいます。","感受性を大切に育てることで、優しい流れが広がっていくでしょう。","今は、感じることを許す時です。","その感情は、あなたからのメッセージです。","気持ちを書き留めましょう。","感情に振り回されやすい状態です。","自分の気持ちが分からなくなっています。","答えを急がなくて大丈夫です。","静かに向き合いましょう。","cups/Cups_11_Page"
cup_knight,minor,cups,knight,カップのナイト,Knight of Cups,水,陰,Yes,Yes,進展,理想|表現|ロマンス,理想|表現|ロマンス|感情|献身|提案|共感|想い|行動,現実逃避|依存|期待過多|空想|不安定|失望|感情過多|未熟|迷走|幻滅,"今は、心からの想いや理想を行動で表現しやすい時です。感情に導かれるように進むことで、美しい流れが生まれます。ただし、現実とのバランスも意識してください。","これまで、内に秘めた想いを温めてきました。","今は、感情を行動に移し、伝える地点にいます。","誠実な想いは、相手の心に静かに届いていくでしょう。","今は、想いを表現する時です。","あなたの気持ちは、尊いものです。","素直に伝えましょう。","理想に寄りすぎ、現実が見えにくい状態です。","期待が膨らみすぎています。","落ち着いて大丈夫です。","現実も確認しましょう。","cups/Cups_12_Knight"
cup_queen,minor,cups,queen,カップのクイーン,Queen of Cups,水,陰,Yes,Yes,安定,共感|受容|慈愛,共感|受容|慈愛|理解|癒し|包容|直感|思いやり|安心,過干渉|依存|自己犠牲|疲弊|境界不明|感情過多|不安|消耗|孤立|混乱,"今は、深い共感力と優しさで、人や状況を包み込める時です。相手の感情を理解しつつ、自分の心も大切にすることが鍵になります。与えすぎず、受け取ることも忘れないでください。","これまで、感情を通して多くの学びを重ねてきました。","今は、感情を安定した形で受け止める地点にいます。","あなたの存在が、周囲に安心と癒しをもたらすでしょう。","今は、優しさを信じる時です。","あなたの共感は、力です。","境界線を意識しましょう。","感情を背負いすぎ、疲れやすい状態です。","自分を後回しにしています。","休んで大丈夫です。","自分も労りましょう。","cups/Cups_13_Queen"
cup_king,minor,cups,king,カップのキング,King of Cups,水,陰,Yes,Yes,統合,感情統合|成熟|安定,感情統合|成熟|安定|包容|冷静|信頼|判断|調和|支え,抑圧|感情遮断|冷淡|距離|不表現|内圧|孤立|緊張|疲弊|誤解,"今は、感情に飲み込まれることなく、落ち着いた判断と包容力を発揮できる時です。感じていることを内側で整理し、穏やかに表現する力があります。感情と理性の調和が、信頼を生み出します。","これまで、多くの感情経験を乗り越えてきました。","今は、感情を統合し、安定した立場に立つ地点にいます。","あなたの冷静さと優しさが、周囲を安心させるでしょう。","今は、感情を信頼する時です。","あなたは、感情を扱う力を持っています。","穏やかに伝えましょう。","感情を抑えすぎ、距離が生まれやすい状態です。","本音を隠しています。","無理に強くなくて大丈夫です。","信頼できる人に話しましょう。","cups/Cups_14_King"
sword_page,minor,swords,page,ソードのペイジ,Page of Swords,風,陽,Yes,保留,兆し,好奇心|思考|観察,好奇心|思考|観察|学び|情報|問い|言葉|警戒|柔軟,軽率|過敏|疑念|不安定|噂|詮索|集中欠如|混乱|警戒過多|落ち着き不足,"今は、新しい情報や考え方に敏感になり、学びへの意欲が高まる時です。問いを立てる力がありますが、結論を急がないことが大切です。観察と理解を優先してください。","これまで、状況を理解しようと考え続けてきました。","今は、思考の芽が育ち、情報を集める地点にいます。","学びを重ねることで、判断力は次第に安定していくでしょう。","今は、知ろうとする時です。","問いは、成長の入口です。","情報を整理しましょう。","考えすぎて神経が張り詰めやすい状態です。","周囲を疑いすぎています。","急がなくて大丈夫です。","一度立ち止まりましょう。","swords/Swords_11_Page"
sword_knight,minor,swords,knight,ソードのナイト,Knight of Swords,風,陽,Yes,No,加速,主張|行動|直進,主張|行動|直進|決断|速さ|論理|突破|勢い|意志,攻撃的|独断|無配慮|衝突|短気|強引|誤解|孤立|暴走|疲労,"今は、考えを即座に行動へ移し、状況を切り開く力が高まる時です。迷いのなさは強みですが、周囲への配慮を忘れると衝突を招きやすくなります。勢いと冷静さの両立を意識してください。","これまで、考え続け、動く機会を待ってきました。","今は、思考を行動に変え、突き進む地点にいます。","適切なスピード調整ができれば、大きな突破口となるでしょう。","今は、動く勇気を持つ時です。","あなたの判断は、鋭いものです。","言葉を選んで進みましょう。","攻撃的になり、誤解を生みやすい状態です。","周囲との摩擦が増えています。","立ち止まっても大丈夫です。","配慮を思い出しましょう。","swords/Swords_12_Knight"
sword_queen,minor,swords,queen,ソードのクイーン,Queen of Swords,風,陽,Yes,Yes,安定,明晰|誠実|判断,明晰|誠実|判断|知性|率直|公平|境界|洞察|独立,冷淡|批判的|孤立|厳しさ|感情遮断|距離|誤解|防衛|疲労|硬直,"今は、感情に流されず、物事を明晰に見抜く判断力が発揮される時です。率直さと誠実さは信頼を生みますが、冷たさと誤解されない配慮も大切です。真実を、優しさと共に伝えてください。","これまで、多くの経験から判断力を磨いてきました。","今は、知性と誠実さを安定して使える地点にいます。","公平な判断が、状況をクリアに整えていくでしょう。","今は、真実を語る時です。","あなたの言葉は、力を持っています。","率直に伝えましょう。","厳しくなりすぎ、人を遠ざけやすい状態です。","一人で抱え込みがちです。","柔らかさを忘れなくて大丈夫です。","共感も添えましょう。","swords/Swords_13_Queen"
sword_king,minor,swords,king,ソードのキング,King of Swords,風,陽,Yes,Yes,統率,統率|知性|戦略,統率|知性|戦略|公平|判断|権威|秩序|論理|全体視野,独裁|冷酷|理屈過多|支配|柔軟性欠如|感情無視|孤立|圧力|硬直|疲弊,"今は、冷静で論理的な判断をもって全体を導く立場にあります。感情に左右されず、公平さと秩序を保つ力があります。知性に温度を添えることで、真の信頼が築かれるでしょう。","これまで、多くの決断と責任を担ってきました。","今は、全体を見渡し、方向性を示す地点にいます。","明確な戦略と判断が、長期的な安定をもたらすでしょう。","今は、理性を信じる時です。","あなたの判断は、道標になります。","全体像を整理しましょう。","理屈に偏り、心を置き去りにしやすい状態です。","支配的になっています。","完璧でなくて大丈夫です。","人の声も聞きましょう。","swords/Swords_14_King"
pentacle_page,minor,pentacles,page,ペンタクルのペイジ,Page of Pentacles,地,陰,Yes,保留,学び,学習|基礎|現実,学習|基礎|現実|計画|着実|誠実|成長|実践|可能性,怠慢|無計画|集中欠如|飽き|先延ばし|未熟|現実逃避|不安|停滞|疑念,"今は、新しい学びや現実的な目標に意識が向き、基礎を築く時です。大きな成果はまだ先でも、今の一歩が将来の安定につながります。焦らず、着実に取り組んでください。","これまで、現実的な準備や関心が芽生えてきました。","今は、基礎を学び、実践を始める地点にいます。","継続することで、確かな力と信頼が育っていくでしょう。","今は、学ぶ姿勢を大切にする時です。","その一歩は、未来への投資です。","基礎を固めましょう。","集中力が続かず、先延ばしにしやすい状態です。","目的を見失いかけています。","完璧でなくて大丈夫です。","小さく続けましょう。","pentacles/Pentacles_11_Page"
pentacle_knight,minor,pentacles,knight,ペンタクルのナイト,Knight of Pentacles,地,陰,Yes,No,継続,継続|責任|努力,継続|責任|努力|忍耐|着実|信頼|堅実|安定|遂行,停滞|頑固|融通不足|単調|遅延|変化拒否|疲労|保守|惰性|閉塞,"今は、派手さはなくても、着実に物事を進める力が発揮される時です。責任感と忍耐があり、信頼を積み上げることができます。変化を急がず、続けることを大切にしてください。","これまで、地道な努力を重ねてきました。","今は、責任を持って継続する地点にいます。","誠実な姿勢が、長期的な安定と評価をもたらすでしょう。","今は、続けることを選ぶ時です。","あなたの努力は、確実に進んでいます。","淡々と進めましょう。","変化を拒み、停滞しやすい状態です。","頑固になっています。","柔軟になっても大丈夫です。","小さな変化を取り入れましょう。","pentacles/Pentacles_12_Knight"
pentacle_queen,minor,pentacles,queen,ペンタクルのクイーン,Queen of Pentacles,地,陰,Yes,Yes,安定,育成|安心|実り,育成|安心|実り|現実力|思いやり|管理|豊かさ|支え|調和,過保護|依存|疲弊|自己犠牲|管理過多|不安|境界不明|消耗|孤立|執着,"今は、現実的な安定と温かさを両立し、人や状況を育てられる時です。安心できる環境を整える力があり、周囲を支える存在となります。自分自身のケアも忘れないでください。","これまで、現実的な経験と配慮を積み重ねてきました。","今は、実りを育て、安定を保つ地点にいます。","あなたの存在が、安心と豊かさを広げていくでしょう。","今は、育てる役割を受け取る時です。","あなたの温かさは、現実を支えます。","安心できる場を整えましょう。","与えすぎて疲れやすい状態です。","自分を後回しにしています。","休んで大丈夫です。","自分も大切にしましょう。","pentacles/Pentacles_13_Queen"
pentacle_king,minor,pentacles,king,ペンタクルのキング,King of Pentacles,地,陰,Yes,Yes,完成,安定|統治|繁栄,安定|統治|繁栄|成功|責任|信頼|管理|実現|基盤,物質主義|支配|保守過多|柔軟性欠如|惰性|停滞|孤立|重圧|執着|変化拒否,"今は、現実世界での成功と安定を体現し、信頼される立場にあります。責任感が強く、長期的な繁栄を築く力を持っています。柔軟さを保つことで、その安定はさらに健やかなものになるでしょう。","これまで、現実的な努力と成果を積み上げてきました。","今は、基盤を完成させ、統率する地点にいます。","安定した判断が、周囲と未来を豊かに支えていくでしょう。","今は、安定を信頼する時です。","あなたは、築き上げてきました。","全体を管理しましょう。","安定に固執し、変化を拒みやすい状態です。","柔軟性を失っています。","すぐに変えなくて大丈夫です。","余白を残しましょう。","pentacles/Pentacles_14_King"






